[{"__symbolic":"module","version":3,"metadata":{"DatePickerModule":{"__symbolic":"class","decorators":[{"__symbolic":"call","expression":{"__symbolic":"reference","module":"@angular/core","name":"NgModule"},"arguments":[{"declarations":[{"__symbolic":"reference","module":"./ng2-datepicker.component","name":"DatePickerComponent"}],"imports":[{"__symbolic":"reference","module":"@angular/common","name":"CommonModule"},{"__symbolic":"reference","module":"@angular/forms","name":"FormsModule"},{"__symbolic":"reference","module":"ng2-slimscroll","name":"SlimScrollModule"}],"exports":[{"__symbolic":"reference","module":"./ng2-datepicker.component","name":"DatePickerComponent"},{"__symbolic":"reference","module":"ng2-slimscroll","name":"SlimScrollModule"},{"__symbolic":"reference","module":"@angular/forms","name":"FormsModule"}]}]}]}},"exports":[{"from":"./ng2-datepicker.component","export":["DatePickerOptions","DateModel"]}]},{"__symbolic":"module","version":1,"metadata":{"DatePickerModule":{"__symbolic":"class","decorators":[{"__symbolic":"call","expression":{"__symbolic":"reference","module":"@angular/core","name":"NgModule"},"arguments":[{"declarations":[{"__symbolic":"reference","module":"./ng2-datepicker.component","name":"DatePickerComponent"}],"imports":[{"__symbolic":"reference","module":"@angular/common","name":"CommonModule"},{"__symbolic":"reference","module":"@angular/forms","name":"FormsModule"},{"__symbolic":"reference","module":"ng2-slimscroll","name":"SlimScrollModule"}],"exports":[{"__symbolic":"reference","module":"./ng2-datepicker.component","name":"DatePickerComponent"},{"__symbolic":"reference","module":"ng2-slimscroll","name":"SlimScrollModule"},{"__symbolic":"reference","module":"@angular/forms","name":"FormsModule"}]}]}]}},"exports":[{"from":"./ng2-datepicker.component","export":["DatePickerOptions","DateModel"]}]}]