[{"__symbolic":"module","version":3,"metadata":{"DateModel":{"__symbolic":"class","members":{"__ctor__":[{"__symbolic":"constructor","parameters":[{"__symbolic":"error","message":"Could not resolve type","line":31,"character":20,"context":{"typeName":"IDateModel"}}]}]}},"DatePickerOptions":{"__symbolic":"class","members":{"__ctor__":[{"__symbolic":"constructor","parameters":[{"__symbolic":"error","message":"Could not resolve type","line":67,"character":20,"context":{"typeName":"IDatePickerOptions"}}]}]}},"CALENDAR_VALUE_ACCESSOR":{"provide":{"__symbolic":"reference","module":"@angular/forms","name":"NG_VALUE_ACCESSOR"},"useExisting":{"__symbolic":"reference","name":"DatePickerComponent"},"multi":true},"DatePickerComponent":{"__symbolic":"class","decorators":[{"__symbolic":"call","expression":{"__symbolic":"reference","module":"@angular/core","name":"Component"},"arguments":[{"selector":"ng2-datepicker","template":"<div class=\"datepicker-container u-is-unselectable\"><div class=\"datepicker-input-container\"><input class=\"datepicker-input\" placeholder=\"When?\" readonly=\"true\" (click)=\"toggle()\" [(ngModel)]=\"date.formatted\"><div class=\"datepicker-input-icon\" (click)=\"toggle()\"><i class=\"ion-ios-calendar\"></i></div></div><div class=\"datepicker-calendar\" *ngIf=\"opened\"><div class=\"datepicker-calendar-top\"><span class=\"year-title\">{{ currentDate.format('YYYY') }}</span> <button type=\"button\" (click)=\"openYearPicker()\" *ngIf=\"!yearPicker\"><i class=\"ion-arrow-right-c\"></i> Select Year</button> <i class=\"close ion-android-close\" (click)=\"close()\"></i></div><div class=\"datepicker-calendar-container\"><div *ngIf=\"!yearPicker\"><div class=\"datepicker-calendar-month-section\"><i class=\"ion-ios-arrow-back\" (click)=\"prevMonth()\"></i> <span class=\"month-title\">{{ currentDate.format('MMMM') }}</span> <i class=\"ion-ios-arrow-forward\" (click)=\"nextMonth()\"></i></div><div class=\"datepicker-calendar-day-names\"><span>S</span> <span>M</span> <span>T</span> <span>W</span> <span>T</span> <span>F</span> <span>S</span></div><div class=\"datepicker-calendar-days-container\"><span class=\"day\" *ngFor=\"let d of days; let i = index\" (click)=\"selectDate($event, d.momentObj)\" [ngClass]=\"{ 'disabled': !d.enabled, 'today': d.today, 'selected': d.selected }\">{{ d.day }}</span></div><div class=\"datepicker-buttons\" *ngIf=\"!options.autoApply\"><button type=\"button\" class=\"a-button u-is-secondary u-is-small\" (click)=\"clear()\">Clear</button> <button type=\"button\" class=\"a-button u-is-primary u-is-small\" (click)=\"today()\">Today</button></div></div><div *ngIf=\"yearPicker\"><div class=\"datepicker-calendar-years-container\" slimScroll [options]=\"scrollOptions\"><span class=\"year\" *ngFor=\"let y of years; let i = index\" (click)=\"selectYear($event, y)\">{{ y }}</span></div></div></div></div></div>","styles":[".datepicker-container{display:inline-block;position:relative}.datepicker-container .datepicker-input-container{display:inline-block;background:0 0}.datepicker-container .datepicker-input-container .datepicker-input{display:inline-block;width:160px;margin-right:10px;border:none;outline:none;border-bottom:1px solid #ced4da;font-size:14px;color:#000;text-align:center}.datepicker-container .datepicker-input-container .datepicker-input::-webkit-input-placeholder{color:#343a40}.datepicker-container .datepicker-input-container .datepicker-input::-moz-placeholder{color:#343a40}.datepicker-container .datepicker-input-container .datepicker-input:-ms-input-placeholder{color:#343a40}.datepicker-container .datepicker-input-container .datepicker-input:-moz-placeholder{color:#343a40}.datepicker-container .datepicker-input-container .datepicker-input-icon{display:inline-block}.datepicker-container .datepicker-calendar .datepicker-calendar-container .datepicker-calendar-month-section i,.datepicker-container .datepicker-input-container .datepicker-input-icon i{cursor:pointer}.datepicker-container .datepicker-input-container .datepicker-input-icon i svg{width:15px;height:15px}.datepicker-container .datepicker-input-container .datepicker-input-icon i svg g g{fill:#000}.datepicker-container .datepicker-calendar{-webkit-touch-callout:none;-webkit-user-select:none;-moz-user-select:none;-ms-user-select:none;user-select:none;width:250px;top:40px;position:absolute;z-index:99;background:#fff;border-bottom-left-radius:4px;border-bottom-right-radius:4px;box-shadow:0 2px 5px rgba(0,0,0,.5)}.datepicker-container .datepicker-calendar .datepicker-calendar-top{width:100%;height:80px;background:#000;display:inline-block;position:relative}.datepicker-container .datepicker-calendar .datepicker-calendar-top .year-title{display:block;margin-top:12px;color:#fff;font-size:28px;text-align:center}.datepicker-container .datepicker-calendar .datepicker-calendar-top button{width:200px;white-space:nowrap;overflow:hidden;text-overflow:ellipsis;display:block;margin:0 auto;color:#fff;text-transform:uppercase;background:0 0;border:none;outline:none;font-size:12px;cursor:pointer;position:relative}.datepicker-container .datepicker-calendar .datepicker-calendar-top button svg{display:block;float:left;width:15px;height:15px;position:absolute;top:2px;left:12px}.datepicker-container .datepicker-calendar .datepicker-calendar-top .close svg g path,.datepicker-container .datepicker-calendar .datepicker-calendar-top button svg g,.datepicker-container .datepicker-calendar .datepicker-calendar-top button svg g path,.datepicker-container svg g,.datepicker-container svg g g{fill:#fff}.datepicker-container .datepicker-calendar .datepicker-calendar-top .close{position:absolute;top:5px;right:5px;font-size:20px;color:#fff;cursor:pointer}.datepicker-container .datepicker-calendar .datepicker-calendar-top .close svg{width:12px;height:12px}.datepicker-container .datepicker-calendar .datepicker-calendar-container{display:inline-block;width:100%;padding:10px;background:#222628}.datepicker-container .datepicker-calendar .datepicker-calendar-container .datepicker-calendar-month-section{width:100%;display:-webkit-box;display:-ms-flexbox;display:flex;-webkit-box-pack:justify;-ms-flex-pack:justify;justify-content:space-between;font-size:14px;color:#ddd;text-transform:uppercase}.datepicker-container .datepicker-calendar .datepicker-calendar-container .datepicker-calendar-month-section i:first-child{margin-left:12px}.datepicker-container .datepicker-calendar .datepicker-calendar-container .datepicker-calendar-month-section i:last-child{margin-right:12px}.datepicker-container .datepicker-calendar .datepicker-calendar-container .datepicker-calendar-day-names{width:230px;margin-top:10px;display:inline-block;border:1px solid transparent}.datepicker-container .datepicker-calendar .datepicker-calendar-container .datepicker-calendar-day-names span{font-size:12px;display:block;float:left;width:calc(100%/7);text-align:center}.datepicker-container .datepicker-calendar .datepicker-calendar-container .datepicker-calendar-days-container{width:230px;margin-top:5px;display:inline-block;border:1px solid transparent}.datepicker-container .datepicker-calendar .datepicker-calendar-container .datepicker-calendar-days-container .day{display:-webkit-box;display:-ms-flexbox;display:flex;-webkit-box-pack:center;-ms-flex-pack:center;justify-content:center;-webkit-box-align:center;-ms-flex-align:center;align-items:center;float:left;font-size:14px;color:#8e8e8e;width:calc(100%/7);height:33px;text-align:center;border-radius:50%;cursor:pointer}.datepicker-container .datepicker-calendar .datepicker-calendar-container .datepicker-calendar-days-container .day.selected,.datepicker-container .datepicker-calendar .datepicker-calendar-container .datepicker-calendar-days-container .day:hover:not(.disabled){background:#222628;border:1px solid #366aab;border-radius:4px}.datepicker-container .datepicker-calendar .datepicker-calendar-container .datepicker-calendar-days-container .day.disabled{pointer-events:none}.datepicker-container .datepicker-calendar .datepicker-calendar-container .datepicker-calendar-days-container .day.today{color:#366aab}.datepicker-container .datepicker-calendar .datepicker-calendar-container .datepicker-calendar-years-container{width:100%;height:240px}.datepicker-container .datepicker-calendar .datepicker-calendar-container .datepicker-calendar-years-container .year{display:-webkit-box;display:-ms-flexbox;display:flex;-webkit-box-pack:center;-ms-flex-pack:center;justify-content:center;-webkit-box-align:center;-ms-flex-align:center;align-items:center;float:left;font-size:14px;color:#8e8e8e;width:calc(100%/4);height:50px;text-align:center;border-radius:50%;cursor:pointer}.datepicker-container .datepicker-calendar .datepicker-calendar-container .datepicker-calendar-years-container .year.selected,.datepicker-container .datepicker-calendar .datepicker-calendar-container .datepicker-calendar-years-container .year:hover{background:#222628;border:1px solid #366aab;border-radius:4px}.datepicker-container .datepicker-calendar .datepicker-calendar-container .datepicker-buttons{width:235px;display:-webkit-box;display:-ms-flexbox;display:flex;-webkit-box-pack:center;-ms-flex-pack:center;justify-content:center}.datepicker-container .datepicker-calendar .datepicker-calendar-container .datepicker-buttons button{width:100%;outline:none;display:inline-block;background:#099268;color:#fff;margin-right:5px;cursor:pointer;text-align:center;padding:5px 10px;border:1px solid #366aab;border-radius:4px}.datepicker-container .datepicker-calendar .datepicker-calendar-container .datepicker-buttons button.u-is-primary{background:#366aab}.datepicker-container .datepicker-calendar .datepicker-calendar-container .datepicker-buttons button.u-is-primary:active{background:#222628}.datepicker-container .datepicker-calendar .datepicker-calendar-container .datepicker-buttons button.u-is-secondary{background:#222628;color:#099268}.datepicker-container .datepicker-calendar .datepicker-calendar-container .datepicker-buttons button.u-is-secondary:active{background:#366aab;color:#ddd}.datepicker-container .datepicker-calendar .datepicker-calendar-container .datepicker-buttons button.u-is-secondary:hover{color:#fff}.datepicker-container svg{display:block;width:20px;height:20px}"],"providers":[{"__symbolic":"reference","name":"CALENDAR_VALUE_ACCESSOR"}]}]}],"members":{"options":[{"__symbolic":"property","decorators":[{"__symbolic":"call","expression":{"__symbolic":"reference","module":"@angular/core","name":"Input"}}]}],"inputEvents":[{"__symbolic":"property","decorators":[{"__symbolic":"call","expression":{"__symbolic":"reference","module":"@angular/core","name":"Input"}}]}],"outputEvents":[{"__symbolic":"property","decorators":[{"__symbolic":"call","expression":{"__symbolic":"reference","module":"@angular/core","name":"Output"}}]}],"__ctor__":[{"__symbolic":"constructor","parameterDecorators":[[{"__symbolic":"call","expression":{"__symbolic":"reference","module":"@angular/core","name":"Inject"},"arguments":[{"__symbolic":"reference","module":"@angular/core","name":"ElementRef"}]}]],"parameters":[{"__symbolic":"reference","module":"@angular/core","name":"ElementRef"}]}],"ngOnInit":[{"__symbolic":"method"}],"generateCalendar":[{"__symbolic":"method"}],"selectDate":[{"__symbolic":"method"}],"selectYear":[{"__symbolic":"method"}],"generateYears":[{"__symbolic":"method"}],"writeValue":[{"__symbolic":"method"}],"registerOnChange":[{"__symbolic":"method"}],"registerOnTouched":[{"__symbolic":"method"}],"prevMonth":[{"__symbolic":"method"}],"nextMonth":[{"__symbolic":"method"}],"today":[{"__symbolic":"method"}],"toggle":[{"__symbolic":"method"}],"open":[{"__symbolic":"method"}],"close":[{"__symbolic":"method"}],"onOpen":[{"__symbolic":"method"}],"openYearPicker":[{"__symbolic":"method"}],"clear":[{"__symbolic":"method"}]}}}},{"__symbolic":"module","version":1,"metadata":{"DateModel":{"__symbolic":"class","members":{"__ctor__":[{"__symbolic":"constructor","parameters":[{"__symbolic":"error","message":"Could not resolve type","line":31,"character":20,"context":{"typeName":"IDateModel"}}]}]}},"DatePickerOptions":{"__symbolic":"class","members":{"__ctor__":[{"__symbolic":"constructor","parameters":[{"__symbolic":"error","message":"Could not resolve type","line":67,"character":20,"context":{"typeName":"IDatePickerOptions"}}]}]}},"CALENDAR_VALUE_ACCESSOR":{"provide":{"__symbolic":"reference","module":"@angular/forms","name":"NG_VALUE_ACCESSOR"},"useExisting":{"__symbolic":"reference","name":"DatePickerComponent"},"multi":true},"DatePickerComponent":{"__symbolic":"class","decorators":[{"__symbolic":"call","expression":{"__symbolic":"reference","module":"@angular/core","name":"Component"},"arguments":[{"selector":"ng2-datepicker","template":"<div class=\"datepicker-container u-is-unselectable\"><div class=\"datepicker-input-container\"><input class=\"datepicker-input\" placeholder=\"When?\" readonly=\"true\" (click)=\"toggle()\" [(ngModel)]=\"date.formatted\"><div class=\"datepicker-input-icon\" (click)=\"toggle()\"><i class=\"ion-ios-calendar\"></i></div></div><div class=\"datepicker-calendar\" *ngIf=\"opened\"><div class=\"datepicker-calendar-top\"><span class=\"year-title\">{{ currentDate.format('YYYY') }}</span> <button type=\"button\" (click)=\"openYearPicker()\" *ngIf=\"!yearPicker\"><i class=\"ion-arrow-right-c\"></i> Select Year</button> <i class=\"close ion-android-close\" (click)=\"close()\"></i></div><div class=\"datepicker-calendar-container\"><div *ngIf=\"!yearPicker\"><div class=\"datepicker-calendar-month-section\"><i class=\"ion-ios-arrow-back\" (click)=\"prevMonth()\"></i> <span class=\"month-title\">{{ currentDate.format('MMMM') }}</span> <i class=\"ion-ios-arrow-forward\" (click)=\"nextMonth()\"></i></div><div class=\"datepicker-calendar-day-names\"><span>S</span> <span>M</span> <span>T</span> <span>W</span> <span>T</span> <span>F</span> <span>S</span></div><div class=\"datepicker-calendar-days-container\"><span class=\"day\" *ngFor=\"let d of days; let i = index\" (click)=\"selectDate($event, d.momentObj)\" [ngClass]=\"{ 'disabled': !d.enabled, 'today': d.today, 'selected': d.selected }\">{{ d.day }}</span></div><div class=\"datepicker-buttons\" *ngIf=\"!options.autoApply\"><button type=\"button\" class=\"a-button u-is-secondary u-is-small\" (click)=\"clear()\">Clear</button> <button type=\"button\" class=\"a-button u-is-primary u-is-small\" (click)=\"today()\">Today</button></div></div><div *ngIf=\"yearPicker\"><div class=\"datepicker-calendar-years-container\" slimScroll [options]=\"scrollOptions\"><span class=\"year\" *ngFor=\"let y of years; let i = index\" (click)=\"selectYear($event, y)\">{{ y }}</span></div></div></div></div></div>","styles":[".datepicker-container{display:inline-block;position:relative}.datepicker-container .datepicker-input-container{display:inline-block;background:0 0}.datepicker-container .datepicker-input-container .datepicker-input{display:inline-block;width:160px;margin-right:10px;border:none;outline:none;border-bottom:1px solid #ced4da;font-size:14px;color:#000;text-align:center}.datepicker-container .datepicker-input-container .datepicker-input::-webkit-input-placeholder{color:#343a40}.datepicker-container .datepicker-input-container .datepicker-input::-moz-placeholder{color:#343a40}.datepicker-container .datepicker-input-container .datepicker-input:-ms-input-placeholder{color:#343a40}.datepicker-container .datepicker-input-container .datepicker-input:-moz-placeholder{color:#343a40}.datepicker-container .datepicker-input-container .datepicker-input-icon{display:inline-block}.datepicker-container .datepicker-calendar .datepicker-calendar-container .datepicker-calendar-month-section i,.datepicker-container .datepicker-input-container .datepicker-input-icon i{cursor:pointer}.datepicker-container .datepicker-input-container .datepicker-input-icon i svg{width:15px;height:15px}.datepicker-container .datepicker-input-container .datepicker-input-icon i svg g g{fill:#000}.datepicker-container .datepicker-calendar{-webkit-touch-callout:none;-webkit-user-select:none;-moz-user-select:none;-ms-user-select:none;user-select:none;width:250px;top:40px;position:absolute;z-index:99;background:#fff;border-bottom-left-radius:4px;border-bottom-right-radius:4px;box-shadow:0 2px 5px rgba(0,0,0,.5)}.datepicker-container .datepicker-calendar .datepicker-calendar-top{width:100%;height:80px;background:#000;display:inline-block;position:relative}.datepicker-container .datepicker-calendar .datepicker-calendar-top .year-title{display:block;margin-top:12px;color:#fff;font-size:28px;text-align:center}.datepicker-container .datepicker-calendar .datepicker-calendar-top button{width:200px;white-space:nowrap;overflow:hidden;text-overflow:ellipsis;display:block;margin:0 auto;color:#fff;text-transform:uppercase;background:0 0;border:none;outline:none;font-size:12px;cursor:pointer;position:relative}.datepicker-container .datepicker-calendar .datepicker-calendar-top button svg{display:block;float:left;width:15px;height:15px;position:absolute;top:2px;left:12px}.datepicker-container .datepicker-calendar .datepicker-calendar-top .close svg g path,.datepicker-container .datepicker-calendar .datepicker-calendar-top button svg g,.datepicker-container .datepicker-calendar .datepicker-calendar-top button svg g path,.datepicker-container svg g,.datepicker-container svg g g{fill:#fff}.datepicker-container .datepicker-calendar .datepicker-calendar-top .close{position:absolute;top:5px;right:5px;font-size:20px;color:#fff;cursor:pointer}.datepicker-container .datepicker-calendar .datepicker-calendar-top .close svg{width:12px;height:12px}.datepicker-container .datepicker-calendar .datepicker-calendar-container{display:inline-block;width:100%;padding:10px;background:#222628}.datepicker-container .datepicker-calendar .datepicker-calendar-container .datepicker-calendar-month-section{width:100%;display:-webkit-box;display:-ms-flexbox;display:flex;-webkit-box-pack:justify;-ms-flex-pack:justify;justify-content:space-between;font-size:14px;color:#ddd;text-transform:uppercase}.datepicker-container .datepicker-calendar .datepicker-calendar-container .datepicker-calendar-month-section i:first-child{margin-left:12px}.datepicker-container .datepicker-calendar .datepicker-calendar-container .datepicker-calendar-month-section i:last-child{margin-right:12px}.datepicker-container .datepicker-calendar .datepicker-calendar-container .datepicker-calendar-day-names{width:230px;margin-top:10px;display:inline-block;border:1px solid transparent}.datepicker-container .datepicker-calendar .datepicker-calendar-container .datepicker-calendar-day-names span{font-size:12px;display:block;float:left;width:calc(100%/7);text-align:center}.datepicker-container .datepicker-calendar .datepicker-calendar-container .datepicker-calendar-days-container{width:230px;margin-top:5px;display:inline-block;border:1px solid transparent}.datepicker-container .datepicker-calendar .datepicker-calendar-container .datepicker-calendar-days-container .day{display:-webkit-box;display:-ms-flexbox;display:flex;-webkit-box-pack:center;-ms-flex-pack:center;justify-content:center;-webkit-box-align:center;-ms-flex-align:center;align-items:center;float:left;font-size:14px;color:#8e8e8e;width:calc(100%/7);height:33px;text-align:center;border-radius:50%;cursor:pointer}.datepicker-container .datepicker-calendar .datepicker-calendar-container .datepicker-calendar-days-container .day.selected,.datepicker-container .datepicker-calendar .datepicker-calendar-container .datepicker-calendar-days-container .day:hover:not(.disabled){background:#222628;border:1px solid #366aab;border-radius:4px}.datepicker-container .datepicker-calendar .datepicker-calendar-container .datepicker-calendar-days-container .day.disabled{pointer-events:none}.datepicker-container .datepicker-calendar .datepicker-calendar-container .datepicker-calendar-days-container .day.today{color:#366aab}.datepicker-container .datepicker-calendar .datepicker-calendar-container .datepicker-calendar-years-container{width:100%;height:240px}.datepicker-container .datepicker-calendar .datepicker-calendar-container .datepicker-calendar-years-container .year{display:-webkit-box;display:-ms-flexbox;display:flex;-webkit-box-pack:center;-ms-flex-pack:center;justify-content:center;-webkit-box-align:center;-ms-flex-align:center;align-items:center;float:left;font-size:14px;color:#8e8e8e;width:calc(100%/4);height:50px;text-align:center;border-radius:50%;cursor:pointer}.datepicker-container .datepicker-calendar .datepicker-calendar-container .datepicker-calendar-years-container .year.selected,.datepicker-container .datepicker-calendar .datepicker-calendar-container .datepicker-calendar-years-container .year:hover{background:#222628;border:1px solid #366aab;border-radius:4px}.datepicker-container .datepicker-calendar .datepicker-calendar-container .datepicker-buttons{width:235px;display:-webkit-box;display:-ms-flexbox;display:flex;-webkit-box-pack:center;-ms-flex-pack:center;justify-content:center}.datepicker-container .datepicker-calendar .datepicker-calendar-container .datepicker-buttons button{width:100%;outline:none;display:inline-block;background:#099268;color:#fff;margin-right:5px;cursor:pointer;text-align:center;padding:5px 10px;border:1px solid #366aab;border-radius:4px}.datepicker-container .datepicker-calendar .datepicker-calendar-container .datepicker-buttons button.u-is-primary{background:#366aab}.datepicker-container .datepicker-calendar .datepicker-calendar-container .datepicker-buttons button.u-is-primary:active{background:#222628}.datepicker-container .datepicker-calendar .datepicker-calendar-container .datepicker-buttons button.u-is-secondary{background:#222628;color:#099268}.datepicker-container .datepicker-calendar .datepicker-calendar-container .datepicker-buttons button.u-is-secondary:active{background:#366aab;color:#ddd}.datepicker-container .datepicker-calendar .datepicker-calendar-container .datepicker-buttons button.u-is-secondary:hover{color:#fff}.datepicker-container svg{display:block;width:20px;height:20px}"],"providers":[{"__symbolic":"reference","name":"CALENDAR_VALUE_ACCESSOR"}]}]}],"members":{"options":[{"__symbolic":"property","decorators":[{"__symbolic":"call","expression":{"__symbolic":"reference","module":"@angular/core","name":"Input"}}]}],"inputEvents":[{"__symbolic":"property","decorators":[{"__symbolic":"call","expression":{"__symbolic":"reference","module":"@angular/core","name":"Input"}}]}],"outputEvents":[{"__symbolic":"property","decorators":[{"__symbolic":"call","expression":{"__symbolic":"reference","module":"@angular/core","name":"Output"}}]}],"__ctor__":[{"__symbolic":"constructor","parameterDecorators":[[{"__symbolic":"call","expression":{"__symbolic":"reference","module":"@angular/core","name":"Inject"},"arguments":[{"__symbolic":"reference","module":"@angular/core","name":"ElementRef"}]}]],"parameters":[{"__symbolic":"reference","module":"@angular/core","name":"ElementRef"}]}],"ngOnInit":[{"__symbolic":"method"}],"generateCalendar":[{"__symbolic":"method"}],"selectDate":[{"__symbolic":"method"}],"selectYear":[{"__symbolic":"method"}],"generateYears":[{"__symbolic":"method"}],"writeValue":[{"__symbolic":"method"}],"registerOnChange":[{"__symbolic":"method"}],"registerOnTouched":[{"__symbolic":"method"}],"prevMonth":[{"__symbolic":"method"}],"nextMonth":[{"__symbolic":"method"}],"today":[{"__symbolic":"method"}],"toggle":[{"__symbolic":"method"}],"open":[{"__symbolic":"method"}],"close":[{"__symbolic":"method"}],"onOpen":[{"__symbolic":"method"}],"openYearPicker":[{"__symbolic":"method"}],"clear":[{"__symbolic":"method"}]}}}}]